"0","# Blocking"
"0","all_days_df_aov <- aov(sentiment_score ~ "
"0","                       factor(subreddit) + "
"0","                       factor(id_tag) + "
"0","                       factor(is_power_user),"
"0","                       data = all_days_df)"
"0","summary(all_days_df_aov)"
"1","                     "
"1","   Df"
"1"," Sum Sq"
"1"," Mean Sq"
"1"," F value"
"1","   Pr(>F)"
"1","    "
"1","
factor(subreddit)    "
"1","    9"
"1","   23.4"
"1","  2.5947"
"1","   4.497"
"1"," 7.15e-06"
"1"," ***"
"1","
factor(id_tag)       "
"1","   20"
"1","    9.3"
"1","  0.4672"
"1","   0.810"
"1","    0.704"
"1","    "
"1","
factor(is_power_user)"
"1","    1"
"1","    0.5"
"1","  0.5293"
"1","   0.917"
"1","    0.338"
"1","    "
"1","
Residuals            "
"1"," 2069"
"1"," 1193.9"
"1","  0.5770"
"1","        "
"1","         "
"1","    "
"1","
"
"1","---
Signif. codes:  "
"1",""
"1","0 ‘***’ 0.001 ‘**’ 0.01 ‘*’ 0.05 ‘.’ 0.1 ‘ ’ 1"
"1","
"
"0","# Model not valid"
"0","model_tests(all_days_df_aov, 2100)"
"1","
"
"1","	Shapiro-Wilk normality test"
"1","
"
"1","
"
"1","data:  "
"1",""
"1","res"
"1",""
"1","
"
"1","W = 0.90327, p-value < 2.2e-16"
"1","
"
"1","
"
