"0","summary(sentiment_by_sub_additions_no_author)
"
"1","                 "
"1","   Df"
"1"," Sum Sq"
"1"," Mean Sq"
"1","   F value"
"1"," Pr(>F)"
"1","    "
"1","
factor(subreddit)"
"1","    9"
"1","     53"
"1","   5.913"
"1"," 2.299e+23"
"1"," <2e-16"
"1"," ***"
"1","
post_karma       "
"1","    1"
"1","      0"
"1","   0.040"
"1"," 1.539e+21"
"1"," <2e-16"
"1"," ***"
"1","
post_karma_ratio "
"1","    1"
"1","      3"
"1","   3.353"
"1"," 1.303e+23"
"1"," <2e-16"
"1"," ***"
"1","
comment_karma    "
"1","    1"
"1","      1"
"1","   0.520"
"1"," 2.023e+22"
"1"," 2.504e+22"
"1"," <2e-16"
"1"," ***"
"1","
Residuals        "
"1","  740"
"1","      0"
"1","   0.000"
"1","          "
"1","       "
"1","    "
"1","
"
"1","---
Signif. codes:  "
"1",""
"1","0 ‘***’ 0.001 ‘**’ 0.01 ‘*’ 0.05 ‘.’ 0.1 ‘ ’ 1"
"1","
"
