"0","# Vectorize list of power users"
"0","power_users_vector <- power_users[[1]] %>% as.vector()"
"0",""
"0","# Sentiment bins and power user Boolean columns"
"0","df_day_1_comments <- df_day_1_comments %>% feature_engineering() "
"0","df_day_2_comments <- df_day_2_comments %>% feature_engineering()    "
"0","df_day_3_comments <- df_day_3_comments %>% feature_engineering() "
"0","df_day_4_comments <- df_day_4_comments %>% feature_engineering() "
"0","df_day_5_comments <- df_day_5_comments %>% feature_engineering() "
"0","df_day_6_comments <- df_day_6_comments %>% feature_engineering() "
"0","df_day_7_comments <- df_day_7_comments %>% feature_engineering() "
