"0","# Calculate the number of comments in each post"
"0","# calculate_number_of_comments(df, sub, post)"
"0","# post_name_master_list <- post_name_master_list[-1,]"
"0","comment_counter_df <- data.frame(subreddit = """", post_name = """", comment_count = """")"
"0",""
"0","for(df in data_pulls){"
"0","       select(subreddit, post_name, comment_count)"
"0","   comment_counter_df <- rbind(comment_counter_df, current_counter)"
"0","}"
"0",""
"0","# number of unique posts in each sub with >= 30 comments"
"0","    distinct() %>% "
"0","    filter(comment_count >= 30) %>% "
"0","    select(subreddit, post_name) %>% distinct() %>% "
"0","    arrange(post_name) %>% "
"0","    group_by(subreddit) %>% "
"0","    mutate(post_count = n()) %>% "
"0","    select(subreddit, post_count) %>% "
"0","    arrange(desc(post_count))"
