"0","# Vectorize average sentiment scores for each subReddit"
"0","true_sentiments <- average_sentiments_true[[2]]"
"0","false_sentiments <- average_sentiments_false[[2]]"
"0",""
"0",""
"0","# Variance is equal "
"0","var.test(true_sentiments, false_sentiments)"
"1","
"
"1","	F test to compare two variances"
"1","
"
"1","
"
"1","data:  "
"1",""
"1","true_sentiments and false_sentiments"
"1",""
"1","
"
"1","F = 2.5979, num df = 9, denom df = 9, p-value = 0.1712"
"1","
"
"1","alternative hypothesis: "
"1","true "
"1",""
"1","ratio of variances"
"1",""
"1"," is "
"1",""
"1","not equal to"
"1",""
"1"," "
"1",""
"1","1"
"1",""
"1","
"
"1","95"
"1",""
"1"," percent confidence interval:
"
"1",""
"1"," "
"1",""
"1"," 0.6452789 10.4590867"
"1",""
"1","
"
"1","sample estimates:
"
"1","ratio of variances "
"1","
"
"1","          2.597889 "
"1","
"
"1","
"
"0","# Test normality ( Both are normal )"
"0","shapiro.test(true_sentiments)"
"1","
"
"1","	Shapiro-Wilk normality test"
"1","
"
"1","
"
"1","data:  "
"1",""
"1","true_sentiments"
"1",""
"1","
"
"1","W = 0.9662, p-value = 0.8536"
"1","
"
"1","
"
"0","shapiro.test(false_sentiments)"
"1","
"
"1","	Shapiro-Wilk normality test"
"1","
"
"1","
"
"1","data:  "
"1",""
"1","false_sentiments"
"1",""
"1","
"
"1","W = 0.9604, p-value = 0.7904"
"1","
"
"1","
"
"0","# We do not reject the null hypothesis, power users do not matter"
"1","
"
"1","	Two Sample t-test"
"1","
"
"1","
"
"1","data:  "
"1",""
"1","true_sentiments and false_sentiments"
"1",""
"1","
"
"1","t = 0.58087, df = 18, p-value = 0.5685"
"1","
"
"1","alternative hypothesis: "
"1","true "
"1",""
"1","difference in means"
"1",""
"1"," is "
"1",""
"1","not equal to"
"1",""
"1"," "
"1",""
"1","0"
"1",""
"1","
"
"1","95"
"1",""
"1"," percent confidence interval:
"
"1",""
"1"," "
"1",""
"1","-0.1018259  0.1796492"
"1",""
"1","
"
"1","sample estimates:
"
"1","mean of x "
"1","mean of y "
"1","
"
"1","0.2522518 "
"1","0.2133402 "
"1","
"
"1","
"
