"0","# Calculate the number of power users in the sample data set"
"0","# all_days_df # 2100 obvs"
"0",""
"0","# 2,048 Distinct commenters"
"0","# 460 comments are from power users"
"0","# all_days_df %>% "
"0","#   select(comment_author, is_power_user) %>% "
"0","#   distinct() %>% "
"0","#   filter(is_power_user == TRUE) "
"0",""
"0","460/2048 # Approximately 22.5% of comments in the sample data set are from power users"
"1","[1]"
"1"," 0.2246094"
"1","
"
"0","# Determine if there is a noticeable difference between power users and nonpower users in terms of sentiment"
"0",""
"0",""
"0","all_days_df_power_users_true <- "
"0","all_days_df %>% "
"0","  filter(is_power_user == TRUE) "
"0",""
"0","all_days_df_power_users_false <- "
"0","all_days_df %>% "
"0","  filter(is_power_user == FALSE) "
"0",""
"0","average_sentiments_true <- "
"0","  all_days_df_power_users_true %>% "
"0","  select(subreddit, sentiment_score) %>% "
"0","  group_by(subreddit) %>% "
"0","  mutate(average_sentiment = mean(sentiment_score)) %>% "
"0","  ungroup() %>% "
"0","  select(subreddit, average_sentiment) %>% "
"0","  distinct()"
"0","  all_days_df_power_users_false %>% "
"0","  select(subreddit, sentiment_score) %>% "
"0","  group_by(subreddit) %>% "
"0","  mutate(average_sentiment = mean(sentiment_score)) %>% "
"0","  distinct()"
