"0","full_master_df <- data.frame(subreddit = """", post_name = """", karma = """", "
"0","                             karma_ratio = """", comment_author = """","
"0","                             comment = """", comment_karma = """","
"0","                             comment_score = """",id_tag = """")"
"0","   "
"0","for(i in 1:10){"
"0","    df_construct <- construct_master_data_frame(separated_subs[[i]], "
"0","                                                post_names_vectorized[[i]], "
"0","                                                subreddits[i])"
"0","    full_master_df <- rbind(full_master_df, df_construct)"
"0","    "
"0","}"
"0",""
"0","full_master_df %>% glimpse()"
"1","Rows: 6,301"
"1",""
"1","
"
"1","Columns: 9"
"1",""
"1","
"
