"0","# Test every column for normality (all columns pass)"
"0","for(i in 1:7){"
"0","  s <- shapiro.test(means_df[,i])"
"0","  print(s)"
"0","}"
"1","
"
"1","	Shapiro-Wilk normality test"
"1","
"
"1","
"
"1","data:  "
"1",""
"1","means_df[, i]"
"1",""
"1","
"
"1","W = 0.90492, p-value = 0.3618"
"1","
"
"1","
"
"1","
"
"1","	Shapiro-Wilk normality test"
"1","
"
"1","
"
"1","data:  "
"1",""
"1","means_df[, i]"
"1",""
"1","
"
"1","W = 0.85975, p-value = 0.1506"
"1","
"
"1","
"
"1","
"
"1","	Shapiro-Wilk normality test"
"1","
"
"1","
"
"1","data:  "
"1",""
"1","means_df[, i]"
"1",""
"1","
"
"1","W = 0.9545, p-value = 0.7704"
"1","
"
"1","
"
"1","
"
"1","	Shapiro-Wilk normality test"
"1","
"
"1","
"
"1","data:  "
"1",""
"1","means_df[, i]"
"1",""
"1","
"
"1","W = 0.9414, p-value = 0.6513"
"1","
"
"1","
"
"1","
"
"1","	Shapiro-Wilk normality test"
"1","
"
"1","
"
"1","data:  "
"1",""
"1","means_df[, i]"
"1",""
"1","
"
"1","W = 0.96033, p-value = 0.8216"
"1","
"
"1","
"
"1","
"
"1","	Shapiro-Wilk normality test"
"1","
"
"1","
"
"1","data:  "
"1",""
"1","means_df[, i]"
"1",""
"1","
"
"1","W = 0.92562, p-value = 0.5143"
"1","
"
"1","
"
"1","
"
"1","
"
"1","
"
"1","data:  "
"1",""
"1","means_df[, i]"
"1",""
"1","
"
"1","W = 0.93488, p-value = 0.5931"
"1","
"
"1","
"
