"0","funny_posts <- filtered_master_data %>% "
"0","    filter(subreddit == subreddits[1])"
"0",""
"0","askreddit_posts <- filtered_master_data %>% "
"0","    filter(subreddit == subreddits[2])"
"0",""
"0","gaming_posts <- filtered_master_data %>% "
"0",""
"0","aww_posts <- filtered_master_data %>% "
"0",""
"0","music_posts <- filtered_master_data %>% "
"0","    filter(subreddit == subreddits[5])"
"0","pics_posts <- filtered_master_data %>% "
"0",""
"0","worldnews_posts <- filtered_master_data %>% "
"0",""
"0","movies_posts <- filtered_master_data %>% "
"0",""
"0","science_posts <- filtered_master_data %>% "
"0",""
"0","todayilearned_posts <-  filtered_master_data %>% "
"0",""
"0","separated_subs <- list(funny_posts, askreddit_posts, gaming_posts, aww_posts, "
"0","                    science_posts, todayilearned_posts)"
"0",""
