"0","melt_means <- means_df %>% "
"0","  data.table::melt(quietly = TRUE) %>% "
"0","  rename(subreddit = variable, average_sentiment = value)"
"2","No id variables; using all as measure variables
"
"0","final_plot <- melt_means %>%"
"0","  ggplot(aes(x = subreddit, y = average_sentiment, group = subreddit)) + "
"0","  geom_boxplot(aes(fill = subreddit, alpha = 0.4), show.legend = FALSE, "
"0","               size = .3, colour = ""black"") +"
"0","  stat_summary(fun = ""mean"") +"
"0","  geom_jitter(color = ""black"", fill = ""white"", size = 1, alpha = 0.15) + "
"0","  labs("
"0","    title    = ""7 Day Average Sentiment Scores"","
"0","    subtitle = ""Separated by subreddit"","
"0","    caption  = ""The black dot represents the average"","
"0","    x        = ""Subreddit"","
"0","    y        = ""Average Sentiment"","
"0","  ) + "
"0","  theme_tq() + "
"0","  theme(axis.text.x   = element_text(angle = 45, vjust = 1, hjust=1, size = 12, face = ""bold""),"
"0","        axis.title.x  = element_text(size = 12, face = ""bold"", vjust = 10),"
"0","        axis.title.y  = element_text(size = 12, face = ""bold"")) + "
"0","  ylim(-1,1)"
