"0","post_names
"
"1","[[1]]
"
"1","[1]"
"1"," ""My dad got an email from Amazon….""                                                       "
"1","
"
"1","[2]"
"1"," ""This is one of the reasons I worry less about my manual vehicle being stolen these days."""
"1","
"
"1","[3]"
"1"," ""Hitchhiking Down Under""                                                                  "
"1","
"
"1","
"
"1","[[2]]
"
"1","[1]"
"1"," ""What's the craziest thing an ex friend/lover has done to you?""                 "
"1","
"
"1","[2]"
"1"," ""What is neither terrible nor great, but perfectly average?""                    "
"1","
"
"1","[3]"
"1"," ""People who really thought about ending it all, what made you change your mind?"""
"1","
"
"1","
"
"1","[5]"
"1"," ""What celebrity can just go to hell?""                                           "
"1","
"
"1","
"
"1","[[3]]
"
"1","[1]"
"1"," ""Added some new Mechanics to my Tree Game, Rootlash, where the trees fight back to reclaim their forests!"""
"1","
"
"1","[2]"
"1"," ""Every single time""                                                                                       "
"1","
"
"1","[3]"
"1"," ""Good times""                                                                                              "
"1","
"
"1","
"
"1","[[4]]
"
"1","[1]"
"1"," ""102 year old grandma frying herself some chicken for lunch""                                                                                                                                 "
"1","
"
"1","[2]"
"1"," ""My dog doesn’t like sleeping in cars, even on hella long trips. Yesterday we had to drive 16 hours unfortunately and she still didn’t want to sleep. Here she is trying not to fall asleep."""
"1","
"
"1","[3]"
"1"," ""I've posted Rusty here before but look at his little hands clasped together as he patiently waits for his daily pretzels""                                                                   "
"1","
"
"1","[4]"
"1"," ""Doggo is so proud of his stick treasure find""                                                                                                                                               "
"1","
"
"1","
"
"1","[[5]]
"
"1","[1]"
"1"," ""Dolly Parton declines Rock & Roll Hall of Fame nomination: “Even though I am extremely flattered and grateful to be nominated for the Rock & Roll Hall of Fame, I don’t feel that I have earned that right. I really do not want votes to be split because of me, so I must respectfully bow out.”"""
"1","
"
"1","[2]"
"1"," ""Dolly Parton wants to make a rock album, and Nancy Wilson of Heart wants to write it with her. Who would be your pick for Dolly's rock and roll album dream team?""                                                                                                                                 "
"1","
"
"1"," ""Kavinsky - Nightcall [Electronic]""                                                                                                                                                                                                                                                                 "
"1","
"
"1","
"
"1","[[6]]
"
"1","[1]"
"1"," ""[OC] saw this in Dallas. Texans arent all batshit QAnon crazy. Stay strong Ukraine!""                "
"1","
"
"1","[2]"
"1"," ""[OC] The last Blockbuster on earth is in my home town""                                              "
"1","
"
"1","
"
"1","[4]"
"1"," ""A photo from 50 years ago posted to r/estoration. Restored, Reframed, Enhanced and Colorized by Me."""
"1","
"
"1","[5]"
"1"," ""[OC] First oil painting I’m proud enough to post since I started learning""                          "
"1","
"
"1","
"
"1","[[7]]
"
"1","[1]"
"1"," ""Spain seizes Russian oligarch's $140 million dollar yacht in Barcelona""                           "
"1","
"
"1","[2]"
"1"," ""Russia's prime minister threatens retaliation against countries that ban Russian ships from ports"""
"1","
"
"1","
"
"1","[[8]]
"
"1","[1]"
"1"," ""‘Evil Dead II’ Turns 35 and It’s Still the Ultimate Horror-Comedy Hybrid""                                                                              "
"1","
"
"1","[2]"
"1"," ""Disney+ to Release Sing-Along Versions of Animated Classics, Starting with ‘Encanto’""                                                                  "
"1","
"
"1","[3]"
"1"," ""‘Puss In Boots 2’ Sets Salma Hayek Return; Harvey Guillen, Florence Pugh & Olivia Colman Among New Cast""                                               "
"1","
"
"1","[4]"
"1"," ""‘Wendell & Wild’: Jordan Peele, Keegan-Michael Key, Lyric Ross, Angela Bassett & More To Star In Netflix Stop-Motion Pic From ‘Coraline’s Henry Selick"""
"1","
"
"1","
"
"1","[[9]]
"
"1","[1]"
"1"," ""Exposure to “rags-to-riches” TV programs make Americans more likely to believe in upward mobility and the narrative of the American Dream. The prevalence of these TV shows may explain why so many Americans remain convinced of the prospects for upward mobility.""                                "
"1","
"
"1","[2]"
"1"," ""Study shows why humans feel better walking through the woods than strolling down a city street""                                                                                                                                                                                                      "
"1","
"
"1","[3]"
"1","[4]"
"1"," ""Exposure to even moderate ambient lighting during nighttime sleep, compared to sleeping in a dimly lit room, harms your cardiovascular function during sleep and increases your insulin resistance the following morning, reports a new Northwestern Medicine study.""                                "
"1","
"
"1","[5]"
"1"," ""The p53 protein protects our cells from cancer and is an interesting target for cancer treatments. But it breaks down rapidly in the cell. By adding a spider silk protein to p53, researchers show that it is possible to create a protein that is more stable and capable of killing cancer cells."""
"1","
"
"1","
"
"1","[[10]]
"
"1","[1]"
"1"," ""TIL that in the 1990s, actor Marlon Brando would often spend time in AOL chatrooms getting into political arguments with unsuspecting strangers. His account was frequently suspended for ending arguments by telling others to “Fuck Off.”""           "
"1","
"
"1","[2]"
"1"," ""TIL: The U.S. Airforce assigns aircraft to be \""Wild Weasels\"". These aircraft act as bait to draw anti-aircraft fire, allowing the squad to locate and destroy the anti-aircraft batteries. Their motto is \""YGBSM\"" or \""You Gotta Be Sh*ttin' Me\""."""
"1","
"
"1","[3]"
"1"," ""TIL Professional wrestler Scott Hall was diagnosed with post traumatic stress disorder, years after killing a man in self defense. Hall wrestled away the drunken man’s gun, and shot him in the head, outside of Hall’s place of work.""               "
"1","
"
"1","[4]"
"1"," ""TIL researchers from the University of Applied Sciences in Switzerland calculated the value of pi to over 62 trillion digits taking over 108 days to complete the calculation.""                                                                        "
"1","
"
"1","[5]"
"1"," ""TIL that without thermal controls, the temperature of the international space station would soar to 250 degrees Fahrenheit while in the sun and plunge to minus 250 degrees In the shade.""                                                             "
"1","
"
"1","
"
