"0","# Currently contains only posts with the top 21 most commented posts from r/funny"
"0","# Find a way to break this down by post and sample 30 comments from each"
"0","# filtered_funny_df <- "
"0","#     funny_posts %>% "
"0","#     filter(post_name %in% funny_post_names_vector) %>% "
"0","#     select(subreddit, post_name, karma, karma_ratio, "
"0",""
"0","# construct_master_data_frame <- function(df, post_names_vector, sub){"
"0","#     "
"0","#     # Filter down df to only those posts within the post_name_vector"
"0","#     current_df <- df %>% "
"0","#     select(subreddit, post_name, karma, karma_ratio, "
"0","#            comment_author, comment, comment_karma, id_tag)"
"0","#     counter = 1"
"0","#     master_df <- data.frame(subreddit = """", post_name = """", karma = """", "
"0","#                         comment = """", comment_karma = """","
"0","#                         comment_score = """",id_tag = """")"
"0","#     for(j in 1:21){"
"0","#             current_df %>%"
"0","#             # Filter out all comments that are not above the median karma"
"0","#         # Number of comment sampled"
"0","#             sampled_comment <- sample_comments_and_sentiment_analysis(current_df_2)"
"0","#                                      sampled_comment[[2]],"
"0","#                                      sampled_comment[[3]],"
"0","#                                      sampled_comment[[4]],"
"0","#                                      sampled_comment[[5]],"
"0","#                                      sampled_comment[[6]],"
"0","#                                      sampled_comment[[7]],"
"0","#                                      sampled_comment[[9]])"
"0","#         }"
"0","# "
"0","#     return(master_df)"
"0",""
"0","                             comment = """", comment_karma = """","
"0","                             comment_score = """",id_tag = """")"
"0","   "
"0","                                                post_names_vectorized[[i]], "
"0","    full_master_df <- rbind(full_master_df, df_construct)"
"0","    "
"0",""
"0","full_master_df %>% glimpse()"
"1","Rows: 6,301"
"1",""
"1",""
"1","
"
"1","$ subreddit      [3m[38;5;246m<chr>[39m[23m """", ""funny"", ""funny"", ""funny"", ""funny"", ""funny"", ""funny"", ""funny"", ""funny"", ""funny"", ""funny~
$ post_name      [3m[38;5;246m<chr>[39m[23m """", ""Get It Girls!"", ""Get It Girls!"", ""Get It Girls!"", ""Get It Girls!"", ""Get It Girls!"", ""G~
$ karma          [3m[38;5;246m<chr>[39m[23m """", ""21355"", ""21355"", ""21355"", ""21355"", ""37670"", ""21355"", ""21355"", ""21355"", ""21355"", ""21355~
$ karma_ratio    [3m[38;5;246m<chr>[39m[23m """", ""0.86"", ""0.86"", ""0.86"", ""0.86"", ""0.79"", ""0.86"", ""0.86"", ""0.86"", ""0.86"", ""0.86"", ""0.86"",~
$ comment_author [3m[38;5;246m<chr>[39m[23m """", ""Mysterious_Grocery85"", ""cre0223"", ""RougeCrown"", ""hikensurf"", ""RaPlD"", ""ataxi_a"", ""Jg69~
$ comment        [3m[38;5;246m<chr>[39m[23m """", ""It works. My grandma is 97 and so is her best friend. Theyâ€™ve been best friends since ~
$ comment_karma  [3m[38;5;246m<chr>[39m[23m """", ""5"", ""25"", ""10"", ""4"", ""7"", ""154"", ""46"", ""15"", ""9"", ""4"", ""298"", ""29"", ""185"", ""7"", ""40"", ~
$ comment_score  [3m[38;5;246m<chr>[39m[23m """", ""0.6"", ""-1"", ""0"", ""-1"", ""-1"", ""-0.333"", ""1"", ""1"", ""1"", ""1"", ""1"", ""1"", ""1"", ""-1"", ""0.2"",~
$ id_tag         [3m[38;5;246m<chr>[39m[23m """", ""D1P1"", ""D1P1"", ""D1P1"", ""D1P1"", ""D1P2"", ""D1P1"", ""D1P1"", ""D1P1"", ""D1P1"", ""D1P1"", ""D1P1"",~"
"1",""
"1","
"
