"0","set.seed(54321)"
"0","# Randomly select 30 comments from each subreddit:"
"0","df_sampled_comments <- data.frame(subreddit = character(),"
"0","                                post_name = character(),"
"0","                                karma = integer(),"
"0","                                karma_ratio = numeric(),"
"0","                                comment = character(),"
"0","                                comment_karma = numeric(),"
"0","                                comment_score = numeric(),"
"0","                                id_tag = character())"
"0",""
"0","# Randomly sample 30 comments from each subReddit"
"0","df_day_1_comments <- sample_daily_dfs(df_day_1, df_sampled_comments)"
"0","df_day_2_comments <- sample_daily_dfs(df_day_2, df_sampled_comments)"
"0","df_day_3_comments <- sample_daily_dfs(df_day_3, df_sampled_comments)"
"0","df_day_4_comments <- sample_daily_dfs(df_day_4, df_sampled_comments)"
"0","df_day_5_comments <- sample_daily_dfs(df_day_5, df_sampled_comments)"
"0","df_day_6_comments <- sample_daily_dfs(df_day_6, df_sampled_comments)"
"0","df_day_7_comments <- sample_daily_dfs(df_day_7, df_sampled_comments)"
"0",""
"0","# Rename columns"
"0","names(df_day_1_comments) <- names(df_sampled_comments)"
"0","names(df_day_2_comments) <- names(df_sampled_comments)"
"0","names(df_day_3_comments) <- names(df_sampled_comments)"
"0","names(df_day_4_comments) <- names(df_sampled_comments)"
"0","names(df_day_5_comments) <- names(df_sampled_comments)"
"0","names(df_day_6_comments) <- names(df_sampled_comments)"
"0","names(df_day_7_comments) <- names(df_sampled_comments)"
"0",""
