"0","summary(sentiment_interactions)
"
"1","                                                                          "
"1","   Df"
"1"," Sum Sq"
"1"," Mean Sq"
"1"," F value"
"1","   Pr(>F)"
"1","    "
"1","
factor(subreddit)                                                         "
"1","    9"
"1","   53.2"
"1","   5.913"
"1","  10.997"
"1","  < 2e-16"
"1"," ***"
"1","
post_karma                                                                "
"1","    1"
"1","    0.0"
"1","   0.040"
"1","   0.074"
"1"," 0.786163"
"1","    "
"1","
post_karma_ratio                                                          "
"1","    1"
"1","    3.4"
"1","   3.353"
"1","   6.235"
"1"," 0.012554"
"1"," *  "
"1","
comment_karma                                                             "
"1","    1"
"1","    0.5"
"1","   20"
"1","   32.6"
"1","   1.628"
"1","   3.028"
"1"," 6.31e-06"
"1"," ***"
"1","
factor(subreddit):post_karma                                              "
"1","    9"
"1","   17.8"
"1","   1.973"
"1","   3.668"
"1"," 0.000137"
"1"," ***"
"1","
factor(subreddit):post_karma_ratio                                        "
"1","    9"
"1","   32.1"
"1","   3.568"
"1","   6.635"
"1"," 1.72e-09"
"1"," ***"
"1","
post_karma:post_karma_ratio                                               "
"1","    1"
"1","    0.0"
"1","   0.006"
"1","    "
"1","
factor(subreddit):comment_karma                                           "
"1","    9"
"1","    9.3"
"1","   1.033"
"1","   1.922"
"1"," 0.044522"
"1"," *  "
"1","   0.215"
"1"," 0.642929"
"1","    "
"1","
post_karma_ratio:comment_karma                                            "
"1","    1"
"1","    0.9"
"1","   0.898"
"1","   1.670"
"1"," 0.196358"
"1","    "
"1","
factor(subreddit):factor(id_tag)                                          "
"1","  145"
"1","  143.6"
"1","   0.990"
"1","   1.841"
"1"," 5.68e-09"
"1"," ***"
"1","   19.1"
"1","   0.954"
"1","   1.774"
"1"," 0.017959"
"1"," *  "
"1","
post_karma_ratio:factor(id_tag)                                           "
"1","   20"
"1","   18.3"
"1","   0.915"
"1","   1.701"
"1"," 0.026327"
"1"," *  "
"1","
comment_karma:factor(id_tag)                                              "
"1","   20"
"1"," 0.120388"
"1","    "
"1","
factor(subreddit):post_karma:post_karma_ratio                             "
"1","    9"
"1","    5.1"
"1","   0.566"
"1","   1.053"
"1"," 0.394457"
"1","    "
"1","
factor(subreddit):post_karma:comment_karma                                "
"1","    9"
"1","    7.6"
"1","   0.839"
"1","   1.560"
"1","
factor(subreddit):post_karma_ratio:comment_karma                          "
"1","    9"
"1","    8.4"
"1","   0.935"
"1","   1.739"
"1"," 0.074777"
"1"," .  "
"1","
post_karma:post_karma_ratio:comment_karma                                 "
"1","    1"
"1","    1.2"
"1","   1.157"
"1","   2.151"
"1"," 0.142534"
"1","    "
"1","
factor(subreddit):post_karma:factor(id_tag)                               "
"1","   72"
"1","   51.1"
"1","   0.709"
"1","   1.319"
"1"," 0.037510"
"1","   15.3"
"1","   0.903"
"1","   1.678"
"1"," 0.039455"
"1"," *  "
"1","
post_karma:post_karma_ratio:factor(id_tag)                                "
"1","    9"
"1","    4.6"
"1","   0.509"
"1","   0.946"
"1","   0.536"
"1","   0.996"
"1"," 0.498140"
"1","    "
"1","
post_karma:comment_karma:factor(id_tag)                                   "
"1","   20"
"1","    7.8"
"1","   0.390"
"1","   0.725"
"1"," 0.804302"
"1","    "
"1","
post_karma_ratio:comment_karma:factor(id_tag)                             "
"1","   20"
"1","   18.2"
"1","   0.908"
"1","    3.7"
"1","   0.412"
"1","   0.766"
"1"," 0.648068"
"1","    "
"1","
factor(subreddit):post_karma:post_karma_ratio:factor(id_tag)              "
"1","    2"
"1","    1.9"
"1","   0.929"
"1","   1.727"
"1"," 0.177825"
"1","    "
"1","   0.677"
"1","   1.259"
"1"," 0.088289"
"1"," .  "
"1","
factor(subreddit):post_karma_ratio:comment_karma:factor(id_tag)           "
"1","   10"
"1","    8.8"
"1","   0.881"
"1","   1.638"
"1"," 0.089627"
"1"," .  "
"1","
post_karma:post_karma_ratio:comment_karma:factor(id_tag)                  "
"1","    3.5"
"1","   0.580"
"1","   1.079"
"1"," 0.372296"
"1","    "
"1","
factor(subreddit):post_karma:post_karma_ratio:comment_karma:factor(id_tag)"
"1","    1"
"1","    0.0"
"1","   0.004"
"1","   0.008"
"1"," 0.928223"
"1","    "
"1","
Residuals                                                                 "
"1","        "
"1","         "
"1","    "
"1","
"
"1","---
Signif. codes:  "
"1",""
"1","0 ‘***’ 0.001 ‘**’ 0.01 ‘*’ 0.05 ‘.’ 0.1 ‘ ’ 1"
"1","
"
