"0","summary(all_days_df_aov)
"
"1","                     "
"1","   Df"
"1"," Sum Sq"
"1"," Mean Sq"
"1"," F value"
"1","   Pr(>F)"
"1","    "
"1","
factor(subreddit)    "
"1","    9"
"1","   30.0"
"1","   3.333"
"1","   5.737"
"1"," 6.73e-08"
"1"," ***"
"1","
factor(id_tag)       "
"1","   20"
"1","   13.2"
"1","   0.661"
"1","   1.138"
"1","    0.302"
"1","    "
"1","
factor(is_power_user)"
"1","    1"
"1","    0.3"
"1","   0.313"
"1","   0.540"
"1","    0.463"
"1","    "
"1","
Residuals            "
"1"," 2069"
"1"," 1201.9"
"1","   0.581"
"1","    "
"1","
"
"1","---
Signif. codes:  "
"1",""
"1","0 ‘***’ 0.001 ‘**’ 0.01 ‘*’ 0.05 ‘.’ 0.1 ‘ ’ 1"
"1","
"
