"0","# We see that we have 137,074 distinct users"
"0","# comment_author_count_df %>% distinct()"
"0",""
"0","# Isolate power users (6,342)"
"0","power_users <- "
"0","    comment_author_count_df %>% "
"0","    filter(power_user == TRUE) %>% "
"0","    select(comment_author)"
"0",""
"0","total_author_count <- 137074"
"0","# power_user_proportion (Approximately 4.63 % of commenters are power users in total data set)"
"0","power_user_count / total_author_count"
"1","[1]"
"1"," 0.04626698"
"1","
"
