"0","for(df in data_pulls){"
"0","   current_counter <- calculate_number_of_comments(df) %>% "
"0","       select(subreddit, post_name, comment_count)"
"0","   comment_counter_df <- rbind(comment_counter_df, current_counter)"
"0","}"
"0",""
"0","# number of unique posts in each sub with >= 30 comments"
"0","#     distinct() %>% "
"0","#     mutate(comment_count = as.integer(comment_count)) %>% "
"0","#     filter(comment_count >= 30) %>% "
"0","#     select(subreddit, post_name) %>% distinct() %>% "
"0","#     arrange(post_name) %>% "
"0","#     group_by(subreddit) %>% "
"0","#     mutate(post_count = n()) %>% "
"0","#     ungroup() %>% "
"0","#     select(subreddit, post_count) %>% "
"0","#     distinct() %>% "
"0","#     arrange(desc(post_count))"
"0",""
"0",""
"0","# Unique post names (more than 30 comments)"
"0","filtered_unique_post_names <- comment_counter_df %>% "
"0","    distinct() %>% "
"0","    mutate(comment_count = as.integer(comment_count)) %>% "
"0","    filter(comment_count >= 30)  %>% "
"0","    distinct(post_name, .keep_all = TRUE) %>% "
"0","    arrange(subreddit)"
"0",""
"0",""
