"0","# Day 1 (Wednesday)"
"0","data_day_01_1 <- read.csv(file = ""../data_dumps/data_2022-03-16-00-07.csv"", "
"0","                          header = T, sep = "","", encoding = ""UTF-8"") "
"0","data_day_01_2 <- read.csv(file = ""../data_dumps/data_2022-03-16-08-06.csv"", "
"0","                          header = T, sep = "","", encoding = ""UTF-8"") "
"0","data_day_01_3 <- read.csv(file = ""../data_dumps/data_2022-03-16-16-06.csv"", "
"0","                          header = T, sep = "","", encoding = ""UTF-8"") "
"0",""
"0","# Day 2 (Thursday)"
"0","data_day_02_1 <- read.csv(file = ""../data_dumps/data_2022-03-17-00-06.csv"", "
"0","                          header = T, sep = "","", encoding = ""UTF-8"") "
"0","data_day_02_2 <- read.csv(file = ""../data_dumps/data_2022-03-17-08-07.csv"", "
"0","                          header = T, sep = "","", encoding = ""UTF-8"") "
"0","data_day_02_3 <- read.csv(file = ""../data_dumps/data_2022-03-17-16-06.csv"", "
"0","                          header = T, sep = "","", encoding = ""UTF-8"") "
"0",""
"0","# Day 3 (Friday)"
"0","data_day_03_1 <- read.csv(file = ""../data_dumps/data_2022-03-18-00-06.csv"", "
"0","                          header = T, sep = "","", encoding = ""UTF-8"") "
"0","data_day_03_2 <- read.csv(file = ""../data_dumps/data_2022-03-18-08-06.csv"", "
"0","                          header = T, sep = "","", encoding = ""UTF-8"") "
"0","data_day_03_3 <- read.csv(file = ""../data_dumps/data_2022-03-18-16-07.csv"", "
"0","                          header = T, sep = "","", encoding = ""UTF-8"") "
"0",""
"0","# Day 4 (Saturday)"
"0","data_day_04_1 <- read.csv(file = ""../data_dumps/data_2022-03-19-00-07.csv"", "
"0","                          header = T, sep = "","", encoding = ""UTF-8"") "
"0","data_day_04_2 <- read.csv(file = ""../data_dumps/data_2022-03-19-08-06.csv"", "
"0","                          header = T, sep = "","", encoding = ""UTF-8"") "
"0","data_day_04_3 <- read.csv(file = ""../data_dumps/data_2022-03-19-16-06.csv"", "
"0","                          header = T, sep = "","", encoding = ""UTF-8"") "
"0",""
"0","# Day 5 (Sunday)"
"0","data_day_05_1 <- read.csv(file = ""../data_dumps/data_2022-03-20-00-06.csv"", "
"0","                          header = T, sep = "","", encoding = ""UTF-8"") "
"0","data_day_05_2 <- read.csv(file = ""../data_dumps/data_2022-03-20-08-06.csv"", "
"0","                          header = T, sep = "","", encoding = ""UTF-8"") "
"0","data_day_05_3 <- read.csv(file = ""../data_dumps/data_2022-03-20-16-06.csv"", "
"0","                          header = T, sep = "","", encoding = ""UTF-8"") "
"0",""
"0","# Day 6 (Monday)"
"0","data_day_06_1 <- read.csv(file = ""../data_dumps/data_2022-03-21-00-06.csv"", "
"0","                          header = T, sep = "","", encoding = ""UTF-8"") "
"0","data_day_06_2 <- read.csv(file = ""../data_dumps/data_2022-03-21-08-06.csv"", "
"0","                          header = T, sep = "","", encoding = ""UTF-8"") "
"0","data_day_06_3 <- read.csv(file = ""../data_dumps/data_2022-03-21-16-07.csv"", "
"0","                          header = T, sep = "","", encoding = ""UTF-8"") "
"0",""
"0","# Day 7 (Tuesday)"
"0","data_day_07_1 <- read.csv(file = ""../data_dumps/data_2022-03-22-00-07.csv"", "
"0","                          header = T, sep = "","", encoding = ""UTF-8"") "
"0","data_day_07_2 <- read.csv(file = ""../data_dumps/data_2022-03-22-08-06.csv"", "
"0","                          header = T, sep = "","", encoding = ""UTF-8"") "
"0","data_day_07_3 <- read.csv(file = ""../data_dumps/data_2022-03-22-16-07.csv"", "
"0","                          header = T, sep = "","", encoding = ""UTF-8"") "
"0",""
"0","data_pulls <- list(data_day_01_1, data_day_01_2, data_day_01_3, "
"0","                   data_day_02_1, data_day_02_2, data_day_02_3,"
"0","                   data_day_03_1, data_day_03_2, data_day_03_3, "
"0","                   data_day_06_1, data_day_06_2, data_day_06_3,"
"0","                   data_day_07_1, data_day_07_2, data_day_07_3) "
"0",""
"0",""
"0","subreddits <- c(  ""funny"",          # 1"
"0","                  ""AskReddit"",      # 2"
"0","                  ""gaming"",         # 3"
"0","                  ""aww"",            # 4"
"0","                  ""music"",          # 5"
"0","                  ""pics"",           # 6"
"0","                  ""worldnews"",      # 7"
"0","                  ""movies"",         # 8"
"0","                  ""science"",        # 9"
"0","                  ""todayilearned"")  # 10"
"0",""
"0",""
"0",""
"0","# Create identifier tags as new column Day #1 Pull #2"
"0","times <- c(rep(c(1,2,3),7))"
"0","for(i in 1:21){"
"0","    data_pulls[[i]] <- data_pulls[[i]] %>% "
"0","        mutate(id_tag = paste0(""D"", days[i], ""P"", times[i]))"
"0","}"
"0",""
"0","# Data frames binded by day"
"0","df_day_1 <- data_frame_bind(data.frame(), data_pulls, 1)"
"0","df_day_2 <- data_frame_bind(data.frame(), data_pulls, 4)"
"0","df_day_3 <- data_frame_bind(data.frame(), data_pulls, 7)"
"0","df_day_4 <- data_frame_bind(data.frame(), data_pulls, 10)"
"0","df_day_5 <- data_frame_bind(data.frame(), data_pulls, 13)"
"0","df_day_6 <- data_frame_bind(data.frame(), data_pulls, 16)"
"0","df_day_7 <- data_frame_bind(data.frame(), data_pulls, 19)"
"0",""
"0",""
"0","# Filter outpost with less than 30 comments"
"0","# Each data frame now has between 113-124 unique posts remaining"
"0","df_day_1_filtered <- "
"0","    df_day_1 %>% "
"0","    calculate_number_of_comments() %>% "
"0","    filter(comment_count >= 30) "
"0","    "
"0","df_day_2_filtered <- "
"0","    df_day_2 %>% "
"0","    calculate_number_of_comments() %>% "
"0","    filter(comment_count >= 30)"
"0",""
"0","df_day_3_filtered <- "
"0","    df_day_3 %>% "
"0","    calculate_number_of_comments() %>% "
"0","    filter(comment_count >= 30)"
"0",""
"0","df_day_4_filtered <- "
"0","    df_day_4 %>% "
"0","    calculate_number_of_comments() %>% "
"0","    filter(comment_count >= 30)"
"0",""
"0","df_day_5_filtered <- "
"0","    df_day_5 %>% "
"0","    calculate_number_of_comments() %>% "
"0","    filter(comment_count >= 30)"
"0",""
"0","df_day_6_filtered <- "
"0","    df_day_6 %>% "
"0","    calculate_number_of_comments() %>% "
"0","    filter(comment_count >= 30)"
"0",""
"0","df_day_7_filtered <- "
"0","    df_day_7 %>% "
"0","    calculate_number_of_comments() %>% "
"0","    filter(comment_count >= 30)"
"0",""
"0","# Number of posts remaining"
"0","# dim(df_day_3_filtered) # 113"
"0","# dim(df_day_4_filtered) # 117"
"0","# dim(df_day_5_filtered) # 117"
"0","# dim(df_day_6_filtered) # 118"
"0","# dim(df_day_7_filtered) # 119"
"0",""
"0","# Minimum number of unique posts is 4 (music, Sunday)"
"0","unique_post_count_1 <- count_unique_posts(df_day_1_filtered)"
"0","unique_post_count_2 <- count_unique_posts(df_day_2_filtered)"
"0","unique_post_count_3 <- count_unique_posts(df_day_3_filtered)"
"0","unique_post_count_4 <- count_unique_posts(df_day_4_filtered)"
"0","unique_post_count_5 <- count_unique_posts(df_day_5_filtered)"
"0",""
"0",""
"0","# Master data frame of all data pulls"
"0","master_data <- data.frame()"
"0","for(i in 1:21){"
"0","    master_data <- rbind(master_data, data_pulls[[i]])"
"0","}"
"0",""
"0",""
"0","# Count the number of unique comment authors"
"0","comment_author_count_df <- "
"0","    master_data %>% "
"0","    group_by(comment_author) %>% "
"0","    mutate(comment_author_count = n()) %>% "
"0","    ungroup() %>% "
"0","    select(comment_author, comment_author_count) %>% "
"0","    distinct() %>% "
"0","    mutate(power_user = ifelse(is_outlier(comment_author_count), TRUE, FALSE))  %>% "
"0","    arrange(desc(comment_author_count))"
"0",""
"0","# Remove extraneous first row"
"0",""
"0",""
"0","# Top 10 most frequent commenters over the entire week"
"0","comment_author_count_df %>% head(10)"
