"0","funny_means <- c()"
"0","AskReddit_means <- c()"
"0","gaming_means <- c()"
"0","aww_means <- c()"
"0","music_means <- c()"
"0","pics_means <- c()"
"0","worldnews_means <- c()"
"0","movies_means <- c()"
"0","science_means <- c()"
"0","todayilearned_means <- c()"
"0",""
"0","# List of means sentiment for each sub Reddit over "
"0","means_list <- list(funny_means,	AskReddit_means,"
"0","                   gaming_means, aww_means, music_means,"
"0","                   pics_means, worldnews_means, movies_means,"
"0","                   science_means, todayilearned_means)"
"0",""
"0",""
"0","# Isolate each sub Reddit in each data frame"
"0","# Calculate the average sentiment "
"0","# and store in the corresponding means_list"
"0","for(i in 1:7){"
"0","  curr_df <- df_comments_all_days[[i]]"
"0","  for(j in 1:10){"
"0","    curr_df_2 <- curr_df %>% "
"0","      filter(subreddit == subreddits[j]) %>% "
"0","      mutate(average_sentiment = mean(sentiment_score)) %>% "
"0","      select(average_sentiment) %>% "
"0","      distinct()"
"0","      means_list[[j]][i] <- curr_df_2[[1]]"
"0","  }"
"0","}"
"0",""
"0","# Name columns"
"0","names(means_list) <- subreddits"
"0",""
"0","# Converted data frame"
"0","means_df <- means_list %>% as.data.frame()"
