"0","# Basic"
"0","means_aov <- aov(average_sentiment ~ factor(subreddit), data = melt_means) "
"0","summary(means_aov)"
"1","                 "
"1"," Df"
"1"," Sum Sq"
"1"," Mean Sq"
"1"," F value"
"1","  Pr(>F)"
"1","    "
"1","
factor(subreddit)"
"1","  9"
"1"," 0.7784"
"1"," 0.08649"
"1","   3.777"
"1"," 0.00081"
"1"," ***"
"1","
Residuals        "
"1"," 60"
"1"," 1.3739"
"1"," 0.02290"
"1","        "
"1","        "
"1","    "
"1","
"
"1","---
Signif. codes:  "
"1",""
"1","0 ‘***’ 0.001 ‘**’ 0.01 ‘*’ 0.05 ‘.’ 0.1 ‘ ’ 1"
"1","
"
"1","
"
"1","	Shapiro-Wilk normality test"
"1","
"
"1","
"
"1","data:  "
"1",""
"1","means_aov$residuals"
"1",""
"1","
"
"1","W = 0.9891, p-value = 0.8075"
"1","
"
"1","
"
"0","model_adequacy <- model_tests(means_aov, 70)"
"1","
"
"1","	Shapiro-Wilk normality test"
"1","
"
"1","
"
"1","data:  "
"1",""
"1","res"
"1",""
"1","
"
"1","W = 0.9891, p-value = 0.8075"
"1","
"
"1","
"
