"0","# s_plot_test <- "
"0","full_master_df %>% "
"0","    ggplot(aes(x = subreddit, y = sentiment_score, group = subreddit)) + "
"0","    geom_boxplot(data = full_master_df, aes(fill = subreddit, alpha = 0.4),"
"0","    notch = TRUE, show.legend = FALSE, size = .3,"
"0","    colour = ""black"") +"
"0","    stat_summary(fun = ""mean"") + "
"0","    # geom_jitter(color = ""black"", fill = ""white"", size = 1, alpha = 0.15) +"
"0","    labs("
"0","        title    = ""Sentiment Score Distribution"","
"0","        subtitle = ""30 comments randomly sampled from each sub's current top 21 posts over 7 days"","
"0","        caption  = ""Note: The 'notch' on each boxplot represents the confidence interval of the median"","
"0","        x        = ""SubReddits"","
"0","        y        = ""Sentiment"""
"0","    ) + theme_tq() + "
"0","    theme(axis.text.x   = element_text(angle = 45, vjust = 1, hjust=1, size = 12, face = ""bold""),"
"0","          axis.title.y  = element_text(size = 12, face = ""bold"")) "
"2","Warning:"
"2"," Removed 10 rows containing missing values (geom_segment).
"
