"0","# Blocking And interactions"
"0","all_days_df_aov_interactions <- "
"0","                       aov(sentiment_score ~ "
"0","                       factor(subreddit) * "
"0","                       factor(id_tag) *  "
"0","                       factor(is_power_user),"
"0","                       data = all_days_df)"
"0","summary(all_days_df_aov_interactions)"
"1","                                                      "
"1","   Df"
"1"," Sum Sq"
"1"," Mean Sq"
"1"," F value"
"1","   Pr(>F)"
"1","    "
"1","
factor(subreddit)                                     "
"1","    9"
"1","   23.4"
"1","  2.5947"
"1","   4.566"
"1"," 5.69e-06"
"1"," ***"
"1","
factor(id_tag)                                        "
"1","   20"
"1","    9.3"
"1","  0.4672"
"1","   0.822"
"1","  0.68818"
"1","    "
"1","
factor(is_power_user)                                 "
"1","    1"
"1","    0.5"
"1","  0.5293"
"1","   0.931"
"1","  0.33463"
"1","    "
"1","
factor(subreddit):factor(id_tag)                      "
"1","  179"
"1","  132.1"
"1","  0.7380"
"1","    9.0"
"1","  1.0031"
"1","   1.765"
"1","  0.07015"
"1"," .  "
"1","
factor(id_tag):factor(is_power_user)                  "
"1","   20"
"1","    8.5"
"1","  0.4245"
"1","   0.747"
"1","  0.77893"
"1","    "
"1","
factor(subreddit):factor(id_tag):factor(is_power_user)"
"1","  152"
"1","   73.1"
"1","  0.4811"
"1","   0.847"
"1","  0.90745"
"1","    "
"1","
Residuals                                             "
"1"," 1709"
"1","  971.1"
"1","  0.5682"
"1","        "
"1","         "
"1","    "
"1","
"
"1","---
Signif. codes:  "
"1",""
"1","0 ‘***’ 0.001 ‘**’ 0.01 ‘*’ 0.05 ‘.’ 0.1 ‘ ’ 1"
"1","
"
"0","# Model not valid"
"0","model_tests(all_days_df_aov_interactions, 2100)"
"1","
"
"1","	Shapiro-Wilk normality test"
"1","
"
"1","
"
"1","data:  "
"1",""
"1","res"
"1",""
"1","
"
"1","W = 0.9707, p-value < 2.2e-16"
"1","
"
"1","
"
